keyword,title,author,likes,link,collected_at
风水,玄学不可不信⚠️主卧卫生间真别对床,一只小马🐎,0,https://www.xiaohongshu.com/explore/67d7cd9b000000000901634b,2026-05-16T13:01:30.302741
风水,信风水的人多吗？,momi,0,https://www.xiaohongshu.com/explore/6945048c000000001e033912,2026-05-16T13:01:30.302741
风水,同事的风水角,酸菜牛肉酱,0,https://www.xiaohongshu.com/explore/695ca9820000000009038391,2026-05-16T13:01:30.302741
风水,求助：大家会对怎样的八卦风水类知识感兴趣,钴蓝,0,https://www.xiaohongshu.com/explore/6931ad34000000001f0097b5,2026-05-16T13:01:30.302741
风水,浙工大风水还真是养人啊哈哈哈,Sleepit,0,https://www.xiaohongshu.com/explore/685fb1ff000000002400f0e5,2026-05-16T13:01:30.302741
风水,唯物vs唯心 | 解释老祖宗留下来的旺宅玄学,迪西迷你,0,https://www.xiaohongshu.com/explore/68763452000000002201c6d5,2026-05-16T13:01:30.302741
风水,风水堪舆术的科学原理,马成智讲中华文化,0,https://www.xiaohongshu.com/explore/6990338e000000001d013bf9,2026-05-16T13:01:30.302741
风水,学会这几种套路，你就是第二个玲玲师傅,茄哩啡的茶水间,0,https://www.xiaohongshu.com/explore/68dbd42d0000000004012abf,2026-05-16T13:01:30.302741
风水,办公室风水,半鬼谷半老庄,0,https://www.xiaohongshu.com/explore/6917d582000000001b025a64,2026-05-16T13:01:30.302741
风水,命理直断 一语中的,三生有幸💋,0,https://www.xiaohongshu.com/explore/67d28fa3000000000900eb5f,2026-05-16T13:01:30.302741
风水,找到了😳美国上流社会的生💰之道？,世界麦克风,0,https://www.xiaohongshu.com/explore/67ab5e30000000001902c2fa,2026-05-16T13:01:30.302741
风水,让人心里难受,核桃的小家,0,https://www.xiaohongshu.com/explore/6711e89100000000260348f7,2026-05-16T13:01:30.302741
